{"name":"luankz","sex":"女","tall":1.56,"weight":75,"age":28,"bmi":30.818540433925047,"fatrate":0.3774224852071006}
