{"name":"luankz","sex":"男","tall":1.75,"weight":75,"age":23,"bmi":24.489795918367346,"fatrate":0.18247755102040816}
